Workbook

Sheet Raw_Data
A1: Shipment ID | B1: Import Date | C1: Raw Importer Name | D1: Exporter Name | E1: Country Code | F1: HS Code | G1: Product Category | H1: Quantity (KG) | I1: Import Value (USD)
A2: TI-2024-0001 | B2: 45339 | C2: PT DAYA FABRICS | D2: Nippon Loom Systems | E2: JPN | F2: 844520 | G2: Spinning Machines | H2: 1298 | I2: 62179.86
A3: TI-2024-0002 | B3: 45314 | C3: PT. GEMILANG TEXTILE | D3: Osaka Textile Machinery | E3: JPN | F3: 844511 | G3: Carding Machines | H3: 1317 | I3: 57625.12
A4: TI-2024-0003 | B4: 45605 | C4: PT GEMILANG TEXTILE | D4: Bharat Textile Components | E4: IND | F4: 844511 | G4: Carding Machines | H4: 1819 | I4: 80071.23
A5: TI-2024-0004 | B5: 45292 | C5: ARUNA TEXTILE PT | D5: Nippon Loom Systems | E5: JPN | F5: 844511 | G5: Carding Machines | H5: 826 | I5: 47488.45
A6: TI-2024-0005 | B6: 45430 | C6: PT EKA TEXTILE | D6: Rhein Textile Technik GmbH | E6: DEU | F6: 844520 | G6: Spinning Machines | H6: 597 | I6: 40039.92
A7: TI-2024-0006 | B7: 45412 | C7: FAJAR KNITTING | D7: Osaka Textile Machinery | E7: JPN | F7: 844849 | G7: Weaving Machine Parts | H7: 1857 | I7: 92132.34
A8: TI-2024-0007 | B8: 45578 | C8: PT. BINTANG WEAVING | D8: Anatolia Textile Systems | E8: TUR | F8: 844849 | G8: Weaving Machine Parts | H8: 580 | I8: 27198.97
A9: TI-2024-0008 | B9: 45353 | C9: ARUNA TEXTILE PT | D9: Anatolia Textile Systems | E9: TUR | F9: 844849 | G9: Weaving Machine Parts | H9: 810 | I9: 32785.23
A10: TI-2024-0009 | B10: 45296 | C10: FAJAR KNITTING | D10: Mumbai Spinning Tech | E10: IND | F10: 844831 | G10: Card Clothing & Parts | H10: 642 | I10: 21876.81
A11: TI-2024-0010 | B11: 45429 | C11: PT. ARUNA TEXTILE | D11: Osaka Textile Machinery | E11: JPN | F11: 844839 | G11: Other Textile Machinery Parts | H11: 1587 | I11: 54603.61
A12: TI-2024-0011 | B12: 45447 | C12: HARMONI SPINNING | D12: Jiangsu Textile Parts Ltd. | E12: CHN | F12: 844630 | G12: Air-Jet Looms | H12: 951 | I12: 106619.06
A13: TI-2024-0012 | B13: 45293 | C13: PT. INDAH WEAVING | D13: Osaka Textile Machinery | E13: JPN | F13: 844520 | G13: Spinning Machines | H13: 1119 | I13: 80876.12
... A194: TI-2026-0166 | B194: 46100 | C194: PT. DAYA FABRICS | D194: Helvetia Textile Systems | E194: CHE | F194: 844511 | G194: Carding Machines | H194: 2113 | I194: 103767.35

Sheet Master_Importer
A1: Raw Importer Name | B1: Standard Importer
A2: PT ARUNA TEXTILE | B2: PT Aruna Textile
A3: PT. ARUNA TEXTILE | B3: PT Aruna Textile
A4: ARUNA TEXTILE PT | B4: PT Aruna Textile
A5: PT BINTANG WEAVING | B5: PT Bintang Weaving
A6: PT. BINTANG WEAVING | B6: PT Bintang Weaving
A7: BINTANG WEAVING | B7: PT Bintang Weaving
A8: PT CITRA SPINNING | B8: PT Citra Spinning
A9: PT. CITRA SPINNING | B9: PT Citra Spinning
A10: CITRA SPINNING PT | B10: PT Citra Spinning
A11: PT DAYA FABRICS | B11: PT Daya Fabrics
A12: PT. DAYA FABRICS | B12: PT Daya Fabrics
... A31: JAYA TEXTILE | B31: PT Jaya Textile

Sheet Master_Country
A1: Country Code | B1: Country Name
A2: CHN | B2: China
A3: JPN | B3: Japan
A4: DEU | B4: Germany
A5: CHE | B5: Switzerland
A6: IND | B6: India
A7: TUR | B7: Türkiye

Sheet Clean
A1: Shipment ID | B1: Import Date | C1: Raw Importer Name | D1: Exporter Name | E1: Country Code | F1: HS Code | G1: Product Category | H1: Quantity (KG) | I1: Import Value (USD) | J1: Standard Importer | K1: Country Name | L1: Year | M1: Month | N1: Unit Value (USD/KG) | O1: Data Quality Flag | P1: Top Importer | Q1: Top Exporter
A2: TI-2024-0001 | B2: 45339 | C2: PT DAYA FABRICS | D2: Nippon Loom Systems | E2: JPN | F2: 844520 | G2: Spinning Machines | H2: 1298 | I2: 62179.86 | J2: =IFERROR(VLOOKUP(C2, Master_Importer!$A:$B, 2, FALSE), "Unmapped Importer") -> PT Daya Fabrics | K2: =VLOOKUP(E2,CountryMapTable[#All],2,FALSE) -> Japan | L2: =YEAR(B2) -> 2024 | M2: =MONTH(B2) -> 2 | N2: =IFERROR(WorkAreaTable[[#This Row],[Import Value (USD)]]/WorkAreaTable[[#This Row],[Quantity (KG)]],0) -> 47.904361 | O2: =IF(COUNTIF(A:A, A2)>1, "Duplicate ID", IF(H2=0, "Quantity 0", IF(ISNA(VLOOKUP(C2, Master_Importer!$A:$B, 2, FALSE)), "Unmapped Importer", "OK"))) -> OK
A3: TI-2024-0002 | B3: 45314 | C3: PT. GEMILANG TEXTILE | D3: Osaka Textile Machinery | E3: JPN | F3: 844511 | G3: Carding Machines | H3: 1317 | I3: 57625.12 | J3: =IFERROR(VLOOKUP(C3, Master_Importer!$A:$B, 2, FALSE), "Unmapped Importer") -> PT Gemilang Textile | K3: =VLOOKUP(E3,CountryMapTable[#All],2,FALSE) -> Japan | L3: =YEAR(B3) -> 2024 | M3: =MONTH(B3) -> 1 | N3: =IFERROR(WorkAreaTable[[#This Row],[Import Value (USD)]]/WorkAreaTable[[#This Row],[Quantity (KG)]],0) -> 43.754837 | O3: =IF(COUNTIF(A:A, A3)>1, "Duplicate ID", IF(H3=0, "Quantity 0", IF(ISNA(VLOOKUP(C3, Master_Importer!$A:$B, 2, FALSE)), "Unmapped Importer", "OK"))) -> OK
A4: TI-2024-0003 | B4: 45605 | C4: PT GEMILANG TEXTILE | D4: Bharat Textile Components | E4: IND | F4: 844511 | G4: Carding Machines | H4: 1819 | I4: 80071.23 | J4: =IFERROR(VLOOKUP(C4, Master_Importer!$A:$B, 2, FALSE), "Unmapped Importer") -> PT Gemilang Textile | K4: =VLOOKUP(E4,CountryMapTable[#All],2,FALSE) -> India | L4: =YEAR(B4) -> 2024 | M4: =MONTH(B4) -> 11 | N4: =IFERROR(WorkAreaTable[[#This Row],[Import Value (USD)]]/WorkAreaTable[[#This Row],[Quantity (KG)]],0) -> 44.019368 | O4: =IF(COUNTIF(A:A, A4)>1, "Duplicate ID", IF(H4=0, "Quantity 0", IF(ISNA(VLOOKUP(C4, Master_Importer!$A:$B, 2, FALSE)), "Unmapped Importer", "OK"))) -> OK | P4: PT Aruna Textile | Q4: Helvetia Textile Systems
A5: TI-2024-0004 | B5: 45292 | C5: ARUNA TEXTILE PT | D5: Nippon Loom Systems | E5: JPN | F5: 844511 | G5: Carding Machines | H5: 826 | I5: 47488.45 | J5: =IFERROR(VLOOKUP(C5, Master_Importer!$A:$B, 2, FALSE), "Unmapped Importer") -> PT Aruna Textile | K5: =VLOOKUP(E5,CountryMapTable[#All],2,FALSE) -> Japan | L5: =YEAR(B5) -> 2024 | M5: =MONTH(B5) -> 1 | N5: =IFERROR(WorkAreaTable[[#This Row],[Import Value (USD)]]/WorkAreaTable[[#This Row],[Quantity (KG)]],0) -> 57.49207 | O5: =IF(COUNTIF(A:A, A5)>1, "Duplicate ID", IF(H5=0, "Quantity 0", IF(ISNA(VLOOKUP(C5, Master_Importer!$A:$B, 2, FALSE)), "Unmapped Importer", "OK"))) -> OK | P5: PT Bintang Weaving | Q5: Jiangsu Textile Parts Ltd.
A6: TI-2024-0005 | B6: 45430 | C6: PT EKA TEXTILE | D6: Rhein Textile Technik GmbH | E6: DEU | F6: 844520 | G6: Spinning Machines | H6: 597 | I6: 40039.92 | J6: =IFERROR(VLOOKUP(C6, Master_Importer!$A:$B, 2, FALSE), "Unmapped Importer") -> PT Eka Textile | K6: =VLOOKUP(E6,CountryMapTable[#All],2,FALSE) -> Germany | L6: =YEAR(B6) -> 2024 | M6: =MONTH(B6) -> 5 | N6: =IFERROR(WorkAreaTable[[#This Row],[Import Value (USD)]]/WorkAreaTable[[#This Row],[Quantity (KG)]],0) -> 67.068543 | O6: =IF(COUNTIF(A:A, A6)>1, "Duplicate ID", IF(H6=0, "Quantity 0", IF(ISNA(VLOOKUP(C6, Master_Importer!$A:$B, 2, FALSE)), "Unmapped Importer", "OK"))) -> OK | P6: PT Citra Spinning | Q6: Nippon Loom Systems
A7: TI-2024-0006 | B7: 45412 | C7: FAJAR KNITTING | D7: Osaka Textile Machinery | E7: JPN | F7: 844849 | G7: Weaving Machine Parts | H7: 1857 | I7: 92132.34 | J7: =IFERROR(VLOOKUP(C7, Master_Importer!$A:$B, 2, FALSE), "Unmapped Importer") -> PT Fajar Knitting | K7: =VLOOKUP(E7,CountryMapTable[#All],2,FALSE) -> Japan | L7: =YEAR(B7) -> 2024 | M7: =MONTH(B7) -> 4 | N7: =IFERROR(WorkAreaTable[[#This Row],[Import Value (USD)]]/WorkAreaTable[[#This Row],[Quantity (KG)]],0) -> 49.613538 | O7: =IF(COUNTIF(A:A, A7)>1, "Duplicate ID", IF(H7=0, "Quantity 0", IF(ISNA(VLOOKUP(C7, Master_Importer!$A:$B, 2, FALSE)), "Unmapped Importer", "OK"))) -> OK | P7: PT Gemilang Textile | Q7: Osaka Textile Machinery
A8: TI-2024-0007 | B8: 45578 | C8: PT. BINTANG WEAVING | D8: Anatolia Textile Systems | E8: TUR | F8: 844849 | G8: Weaving Machine Parts | H8: 580 | I8: 27198.97 | J8: =IFERROR(VLOOKUP(C8, Master_Importer!$A:$B, 2, FALSE), "Unmapped Importer") -> PT Bintang Weaving | K8: =VLOOKUP(E8,CountryMapTable[#All],2,FALSE) -> Türkiye | L8: =YEAR(B8) -> 2024 | M8: =MONTH(B8) -> 10 | N8: =IFERROR(WorkAreaTable[[#This Row],[Import Value (USD)]]/WorkAreaTable[[#This Row],[Quantity (KG)]],0) -> 46.894776 | O8: =IF(COUNTIF(A:A, A8)>1, "Duplicate ID", IF(H8=0, "Quantity 0", IF(ISNA(VLOOKUP(C8, Master_Importer!$A:$B, 2, FALSE)), "Unmapped Importer", "OK"))) -> OK | P8: PT Harmoni Spinning | Q8: SinoTex Machinery Co.
A9: TI-2024-0008 | B9: 45353 | C9: ARUNA TEXTILE PT | D9: Anatolia Textile Systems | E9: TUR | F9: 844849 | G9: Weaving Machine Parts | H9: 810 | I9: 32785.23 | J9: =IFERROR(VLOOKUP(C9, Master_Importer!$A:$B, 2, FALSE), "Unmapped Importer") -> PT Aruna Textile | K9: =VLOOKUP(E9,CountryMapTable[#All],2,FALSE) -> Türkiye | L9: =YEAR(B9) -> 2024 | M9: =MONTH(B9) -> 3 | N9: =IFERROR(WorkAreaTable[[#This Row],[Import Value (USD)]]/WorkAreaTable[[#This Row],[Quantity (KG)]],0) -> 40.475593 | O9: =IF(COUNTIF(A:A, A9)>1, "Duplicate ID", IF(H9=0, "Quantity 0", IF(ISNA(VLOOKUP(C9, Master_Importer!$A:$B, 2, FALSE)), "Unmapped Importer", "OK"))) -> OK
A10: TI-2024-0009 | B10: 45296 | C10: FAJAR KNITTING | D10: Mumbai Spinning Tech | E10: IND | F10: 844831 | G10: Card Clothing & Parts | H10: 642 | I10: 21876.81 | J10: =IFERROR(VLOOKUP(C10, Master_Importer!$A:$B, 2, FALSE), "Unmapped Importer") -> PT Fajar Knitting | K10: =VLOOKUP(E10,CountryMapTable[#All],2,FALSE) -> India | L10: =YEAR(B10) -> 2024 | M10: =MONTH(B10) -> 1 | N10: =IFERROR(WorkAreaTable[[#This Row],[Import Value (USD)]]/WorkAreaTable[[#This Row],[Quantity (KG)]],0) -> 34.076028 | O10: =IF(COUNTIF(A:A, A10)>1, "Duplicate ID", IF(H10=0, "Quantity 0", IF(ISNA(VLOOKUP(C10, Master_Importer!$A:$B, 2, FALSE)), "Unmapped Importer", "OK"))) -> OK
A11: TI-2024-0010 | B11: 45429 | C11: PT. ARUNA TEXTILE | D11: Osaka Textile Machinery | E11: JPN | F11: 844839 | G11: Other Textile Machinery Parts | H11: 1587 | I11: 54603.61 | J11: =IFERROR(VLOOKUP(C11, Master_Importer!$A:$B, 2, FALSE), "Unmapped Importer") -> PT Aruna Textile | K11: =VLOOKUP(E11,CountryMapTable[#All],2,FALSE) -> Japan | L11: =YEAR(B11) -> 2024 | M11: =MONTH(B11) -> 5 | N11: =IFERROR(WorkAreaTable[[#This Row],[Import Value (USD)]]/WorkAreaTable[[#This Row],[Quantity (KG)]],0) -> 34.406812 | O11: =IF(COUNTIF(A:A, A11)>1, "Duplicate ID", IF(H11=0, "Quantity 0", IF(ISNA(VLOOKUP(C11, Master_Importer!$A:$B, 2, FALSE)), "Unmapped Importer", "OK"))) -> OK
A12: TI-2024-0011 | B12: 45447 | C12: HARMONI SPINNING | D12: Jiangsu Textile Parts Ltd. | E12: CHN | F12: 844630 | G12: Air-Jet Looms | H12: 951 | I12: 106619.06 | J12: =IFERROR(VLOOKUP(C12, Master_Importer!$A:$B, 2, FALSE), "Unmapped Importer") -> PT Harmoni Spinning | K12: =VLOOKUP(E12,CountryMapTable[#All],2,FALSE) -> China | L12: =YEAR(B12) -> 2024 | M12: =MONTH(B12) -> 6 | N12: =IFERROR(WorkAreaTable[[#This Row],[Import Value (USD)]]/WorkAreaTable[[#This Row],[Quantity (KG)]],0) -> 112.11258 | O12: =IF(COUNTIF(A:A, A12)>1, "Duplicate ID", IF(H12=0, "Quantity 0", IF(ISNA(VLOOKUP(C12, Master_Importer!$A:$B, 2, FALSE)), "Unmapped Importer", "OK"))) -> OK
A13: TI-2024-0012 | B13: 45293 | C13: PT. INDAH WEAVING | D13: Osaka Textile Machinery | E13: JPN | F13: 844520 | G13: Spinning Machines | H13: 1119 | I13: 80876.12 | J13: =IFERROR(VLOOKUP(C13, Master_Importer!$A:$B, 2, FALSE), "Unmapped Importer") -> PT Indah Weaving | K13: =VLOOKUP(E13,CountryMapTable[#All],2,FALSE) -> Japan | L13: =YEAR(B13) -> 2024 | M13: =MONTH(B13) -> 1 | N13: =IFERROR(WorkAreaTable[[#This Row],[Import Value (USD)]]/WorkAreaTable[[#This Row],[Quantity (KG)]],0) -> 72.275353 | O13: =IF(COUNTIF(A:A, A13)>1, "Duplicate ID", IF(H13=0, "Quantity 0", IF(ISNA(VLOOKUP(C13, Master_Importer!$A:$B, 2, FALSE)), "Unmapped Importer", "OK"))) -> OK
A14: TI-2024-0013 | B14: 45493 | C14: PT. EKA TEXTILE | D14: Istanbul Machinery A.S. | E14: TUR | F14: 844839 | G14: Other Textile Machinery Parts | H14: 613 | I14: 14405.31 | J14: =IFERROR(VLOOKUP(C14, Master_Importer!$A:$B, 2, FALSE), "Unmapped Importer") -> PT Eka Textile | K14: =VLOOKUP(E14,CountryMapTable[#All],2,FALSE) -> Türkiye | L14: =YEAR(B14) -> 2024 | M14: =MONTH(B14) -> 7 | N14: =IFERROR(WorkAreaTable[[#This Row],[Import Value (USD)]]/WorkAreaTable[[#This Row],[Quantity (KG)]],0) -> 23.49969 | O14: =IF(COUNTIF(A:A, A14)>1, "Duplicate ID", IF(H14=0, "Quantity 0", IF(ISNA(VLOOKUP(C14, Master_Importer!$A:$B, 2, FALSE)), "Unmapped Importer", "OK"))) -> OK
A15: TI-2024-0014 | B15: 45445 | C15: PT. BINTANG WEAVING | D15: Helvetia Textile Systems | E15: CHE | F15: 844630 | G15: Air-Jet Looms | H15: 1392 | I15: 133347.73 | J15: =IFERROR(VLOOKUP(C15, Master_Importer!$A:$B, 2, FALSE), "Unmapped Importer") -> PT Bintang Weaving | K15: =VLOOKUP(E15,CountryMapTable[#All],2,FALSE) -> Switzerland | L15: =YEAR(B15) -> 2024 | M15: =MONTH(B15) -> 6 | N15: =IFERROR(WorkAreaTable[[#This Row],[Import Value (USD)]]/WorkAreaTable[[#This Row],[Quantity (KG)]],0) -> 95.795783 | O15: =IF(COUNTIF(A:A, A15)>1, "Duplicate ID", IF(H15=0, "Quantity 0", IF(ISNA(VLOOKUP(C15, Master_Importer!$A:$B, 2, FALSE)), "Unmapped Importer", "OK"))) -> OK
A16: TI-2024-0015 | B16: 45404 | C16: HARMONI SPINNING | D16: Jiangsu Textile Parts Ltd. | E16: CHN | F16: 844511 | G16: Carding Machines | H16: 1045 | I16: 63182.64 | J16: =IFERROR(VLOOKUP(C16, Master_Importer!$A:$B, 2, FALSE), "Unmapped Importer") -> PT Harmoni Spinning | K16: =VLOOKUP(E16,CountryMapTable[#All],2,FALSE) -> China | L16: =YEAR(B16) -> 2024 | M16: =MONTH(B16) -> 4 | N16: =IFERROR(WorkAreaTable[[#This Row],[Import Value (USD)]]/WorkAreaTable[[#This Row],[Quantity (KG)]],0) -> 60.461856 | O16: =IF(COUNTIF(A:A, A16)>1, "Duplicate ID", IF(H16=0, "Quantity 0", IF(ISNA(VLOOKUP(C16, Master_Importer!$A:$B, 2, FALSE)), "Unmapped Importer", "OK"))) -> OK
A17: TI-2024-0016 | B17: 45573 | C17: PT INDAH WEAVING | D17: Jiangsu Textile Parts Ltd. | E17: CHN | F17: 844831 | G17: Card Clothing & Parts | H17: 1410 | I17: 54284.53 | J17: =IFERROR(VLOOKUP(C17, Master_Importer!$A:$B, 2, FALSE), "Unmapped Importer") -> PT Indah Weaving | K17: =VLOOKUP(E17,CountryMapTable[#All],2,FALSE) -> China | L17: =YEAR(B17) -> 2024 | M17: =MONTH(B17) -> 10 | N17: =IFERROR(WorkAreaTable[[#This Row],[Import Value (USD)]]/WorkAreaTable[[#This Row],[Quantity (KG)]],0) -> 38.499667 | O17: =IF(COUNTIF(A:A, A17)>1, "Duplicate ID", IF(H17=0, "Quantity 0", IF(ISNA(VLOOKUP(C17, Master_Importer!$A:$B, 2, FALSE)), "Unmapped Importer", "OK"))) -> OK
A18: TI-2024-0017 | B18: 45518 | C18: PT. GEMILANG TEXTILE | D18: Bavaria Motion GmbH | E18: DEU | F18: 844839 | G18: Other Textile Machinery Parts | H18: 1704 | I18: 41278.78 | J18: =IFERROR(VLOOKUP(C18, Master_Importer!$A:$B, 2, FALSE), "Unmapped Importer") -> PT Gemilang Textile | K18: =VLOOKUP(E18,CountryMapTable[#All],2,FALSE) -> Germany | L18: =YEAR(B18) -> 2024 | M18: =MONTH(B18) -> 8 | N18: =IFERROR(WorkAreaTable[[#This Row],[Import Value (USD)]]/WorkAreaTable[[#This Row],[Quantity (KG)]],0) -> 24.224636 | O18: =IF(COUNTIF(A:A, A18)>1, "Duplicate ID", IF(H18=0, "Quantity 0", IF(ISNA(VLOOKUP(C18, Master_Importer!$A:$B, 2, FALSE)), "Unmapped Importer", "OK"))) -> OK
A19: TI-2024-0018 | B19: 45397 | C19: HARMONI SPINNING | D19: SinoTex Machinery Co. | E19: CHN | F19: 844511 | G19: Carding Machines | H19: 1776 | I19: 84059.35 | J19: =IFERROR(VLOOKUP(C19, Master_Importer!$A:$B, 2, FALSE), "Unmapped Importer") -> PT Harmoni Spinning | K19: =VLOOKUP(E19,CountryMapTable[#All],2,FALSE) -> China | L19: =YEAR(B19) -> 2024 | M19: =MONTH(B19) -> 4 | N19: =IFERROR(WorkAreaTable[[#This Row],[Import Value (USD)]]/WorkAreaTable[[#This Row],[Quantity (KG)]],0) -> 47.330715 | O19: =IF(COUNTIF(A:A, A19)>1, "Duplicate ID", IF(H19=0, "Quantity 0", IF(ISNA(VLOOKUP(C19, Master_Importer!$A:$B, 2, FALSE)), "Unmapped Importer", "OK"))) -> OK
A20: TI-2024-0019 | B20: 45592 | C20: PT. HARMONI SPINNING | D20: Bavaria Motion GmbH | E20: DEU | F20: 844849 | G20: Weaving Machine Parts | H20: 1285 | I20: 47390.78 | J20: =IFERROR(VLOOKUP(C20, Master_Importer!$A:$B, 2, FALSE), "Unmapped Importer") -> PT Harmoni Spinning | K20: =VLOOKUP(E20,CountryMapTable[#All],2,FALSE) -> Germany | L20: =YEAR(B20) -> 2024 | M20: =MONTH(B20) -> 10 | N20: =IFERROR(WorkAreaTable[[#This Row],[Import Value (USD)]]/WorkAreaTable[[#This Row],[Quantity (KG)]],0) -> 36.879984 | O20: =IF(COUNTIF(A:A, A20)>1, "Duplicate ID", IF(H20=0, "Quantity 0", IF(ISNA(VLOOKUP(C20, Master_Importer!$A:$B, 2, FALSE)), "Unmapped Importer", "OK"))) -> Duplicate ID
... A194: TI-2026-0166 | B194: 46100 | C194: PT. DAYA FABRICS | D194: Helvetia Textile Systems | E194: CHE | F194: 844511 | G194: Carding Machines | H194: 2113 | I194: 103767.35 | J194: =IFERROR(VLOOKUP(C194, Master_Importer!$A:$B, 2, FALSE), "Unmapped Importer") -> PT Daya Fabrics | K194: =VLOOKUP(E194,CountryMapTable[#All],2,FALSE) -> Switzerland | L194: =YEAR(B194) -> 2026 | M194: =MONTH(B194) -> 3 | N194: =IFERROR(WorkAreaTable[[#This Row],[Import Value (USD)]]/WorkAreaTable[[#This Row],[Quantity (KG)]],0) -> 49.109016 | O194: =IF(COUNTIF(A:A, A194)>1, "Duplicate ID", IF(H194=0, "Quantity 0", IF(ISNA(VLOOKUP(C194, Master_Importer!$A:$B, 2, FALSE)), "Unmapped Importer", "OK"))) -> Duplicate ID

Sheet Output_Template
A1: OUTPUT TEMPLATE – MARKET ANALYSIS
A4: 1. Trend Summary | F4: 3. Top 5 Exporter – 2026 YTD
A5: Year | B5: Total Import Value (USD) | C5: Total Quantity (KG) | D5: Notes | F5: Rank | G5: Exporter Name | H5: Import Value (USD) | I5: Quantity (KG)
A6: 2024 | B6: =SUMIF(Clean!L:L,2024,Clean!I:I) -> 5117138.5 | C6: =SUMIF(Clean!L:L,2024,Clean!H:H) -> 101397 | F6: 1 | G6: Helvetia Textile Systems | H6: =SUMIFS(Clean!$I:$I, Clean!$D:$D, G6, Clean!$L:$L, 2026) -> 375863.09 | I6: =SUMIFS(Clean!$H:$H, Clean!$D:$D, G6, Clean!$L:$L, 2026) -> 7138
A7: 2025 | B7: =SUMIF(Clean!L:L,2025,Clean!I:I) -> 5038674.1 | C7: =SUMIF(Clean!L:L,2025,Clean!H:H) -> 106898 | F7: 2 | G7: Jiangsu Textile Parts Ltd. | H7: =SUMIFS(Clean!$I:$I, Clean!$D:$D, G7, Clean!$L:$L, 2026) -> 296244.35 | I7: =SUMIFS(Clean!$H:$H, Clean!$D:$D, G7, Clean!$L:$L, 2026) -> 6837
A8: 2026 | B8: =SUMIF(Clean!L:L,2026,Clean!I:I) -> 3467048.1 | C8: =SUMIF(Clean!L:L,2026,Clean!H:H) -> 70313 | D8: 2026 = YTD s.d. Agustus | F8: 3 | G8: Nippon Loom Systems | H8: =SUMIFS(Clean!$I:$I, Clean!$D:$D, G8, Clean!$L:$L, 2026) -> 586635.13 | I8: =SUMIFS(Clean!$H:$H, Clean!$D:$D, G8, Clean!$L:$L, 2026) -> 13758
F9: 4 | G9: Osaka Textile Machinery | H9: =SUMIFS(Clean!$I:$I, Clean!$D:$D, G9, Clean!$L:$L, 2026) -> 535936.17 | I9: =SUMIFS(Clean!$H:$H, Clean!$D:$D, G9, Clean!$L:$L, 2026) -> 9322
F10: 5 | G10: SinoTex Machinery Co. | H10: =SUMIFS(Clean!$I:$I, Clean!$D:$D, G10, Clean!$L:$L, 2026) -> 855540.59 | I10: =SUMIFS(Clean!$H:$H, Clean!$D:$D, G10, Clean!$L:$L, 2026) -> 14341
A11: 2. Top 5 Importer – 2026 YTD
A12: Rank | B12: Standard Importer | C12: Import Value (USD) | D12: Market Share (%)
A13: 1 | B13: PT Aruna Textile | C13: =SUMIFS(Clean!$I:$I, Clean!$J:$J, B13, Clean!$L:$L, 2026) -> 680911.29 | D13: =C13 / $B$8 -> 0.19639511
A14: 2 | B14: PT Bintang Weaving | C14: =SUMIFS(Clean!$I:$I, Clean!$J:$J, B14, Clean!$L:$L, 2026) -> 537289.39 | D14: =C14 / $B$8 -> 0.15497027
A15: 3 | B15: PT Citra Spinning | C15: =SUMIFS(Clean!$I:$I, Clean!$J:$J, B15, Clean!$L:$L, 2026) -> 789774.92 | D15: =C15 / $B$8 -> 0.22779463
A16: 4 | B16: PT Gemilang Textile | C16: =SUMIFS(Clean!$I:$I, Clean!$J:$J, B16, Clean!$L:$L, 2026) -> 325790.08 | D16: =C16 / $B$8 -> 0.093967569
A17: 5 | B17: PT Harmoni Spinning | C17: =SUMIFS(Clean!$I:$I, Clean!$J:$J, B17, Clean!$L:$L, 2026) -> 295010.6 | D17: =C17 / $B$8 -> 0.085089849
A20: 4. Key Insights
A21: Insight 1 | B21: Pada tahun 2026 terlihat bahwa total import value mencapai 3,4 juta dolar di bulan ke 8 jika penjualan terus terjadi dan ritme yang sama pada sebelumnya maka total import value bisa melebihi tahun sebelumnya sehingga terjadi peningkatan
A22: Insight 2 | B22: Market share tertinggi pada tahun 2026 dengan import value mencapai 789juta dolar dari PT Citra Spinning
A23: Insight 3 | B23: Exporter dengan quantity tertinggi oleh Sino Tex Machinery Co. mencapai 14.341 kg
A26: 5. AI/Codex Prompt for Validation
A27: Anda bertindak sebagai seorang analisis tren dan pangsa pasar profesional, lakukan validasi data Importer dan Exporter ini berdasarkan trend summary dan top 5 Importer dan Exporter tahun 2026, lakukan validasi dan pengecekan berdasarkan tabel di sheet work_Area dan cek apakah sheet tersebut sudah clean dan benar benar diolah
A34: 6. Chart
A35: Insert at least 1 relevant chart in this area.

Sheet top Exporter
A1: Year | B1: 2026
A3: Row Labels | B3: Sum of Import Value (USD)
A4: Helvetia Textile Systems | B4: 375863.09
A5: Jiangsu Textile Parts Ltd. | B5: 296244.35
A6: Nippon Loom Systems | B6: 586635.13
A7: Osaka Textile Machinery | B7: 535936.17
A8: SinoTex Machinery Co. | B8: 855540.59
A9: Grand Total | B9: 2650219.3

Sheet top Importer
A2: Year | B2: 2026
A4: Row Labels | B4: Sum of Import Value (USD)
A5: PT Aruna Textile | B5: 680911.29
A6: PT Bintang Weaving | B6: 537289.39
A7: PT Citra Spinning | B7: 789774.92
A8: PT Gemilang Textile | B8: 325790.08
A9: PT Harmoni Spinning | B9: 295010.6
A10: Grand Total | B10: 2628776.3
